<?xml version="1.0" encoding="UTF-8"?>
<trail name="0100">
    <steps>
        
        <step type="context">
            <blocks>
                <block type="title">
                    <title id="FPT-Z9-8C6">Losing</title>
                </block>
                <block type="text">
                    <text id="RK9-MN-gHG">Now that your game has a win condition, it’s time to make a lose condition!</text>
                </block>
                <block type = "image" source="Page4Step1" height="0.5">
                    <description id="qTi-Uu-ivZ">A picture of someone losing.</description>
                </block>
                <block type="text">
                    <text id="8h9-BP-NQQ">If the ball sneaks past your paddle and hits the wall beneath it (the <b>foul line</b>), you lose the game.

                    When you lose, remove the ball and present a losing animation.</text>
                </block>
                <block type="text">
                    <text id="WJB-tk-LvT"><a href="@nextStep">Get Started ▶︎</a></text>
                </block>
            </blocks>
        </step>
       
         <step type="code">
          <blocks>
              <block type="title">
                  <title id="u5c-EN-j5G">Add the Foul Line</title>
              </block>
              <block type="text">
                  <text id="C2Y-9Q-34G"><task/>Add a foul line to the scene by calling <cv>addFoulLine()</cv> inside the <cv>run</cv> function.</text>
              </block>
              <block type="text">
                  <text id="zTK-tV-6hL">Add your code below this comment:
                      <cmt id="dQr-c6-nP1">// Adds walls and a foul line.</cmt></text>
              </block>
              <block type="code">
              addFoulLine()
              </block>
              <block type="text">
                  <text id="W73-Jh-idy"><task/><b>Run your code</b> to see your foul line on the scene.</text>
              </block>
              <block type="text">
                  <text id="euw-jp-FcF"><a href="@nextStep">Next︎</a>, write the logic that calls the <cv>loseLevel</cv> function.</text>
              </block>
          </blocks>
        </step>
        
        <step type="code">
          <blocks>
              <block type="title">
                  <title id="JiK-Z8-6DY">Write Your Losing Logic</title>
              </block>
              <block type="text">
                  <text id="5NB-xC-RvF">Now that you have a foul line, write the logic for when it gets hit.

                   When the ball hits the foul line, you should do two things:</text>
              </block>
              <block type="text">
                  <text id="uai-37-zLB">1. Use the <cv>removeBall</cv> function to remove the ball (<cv>sprite</cv>).</text>
              </block>
              <block type="text">
                  <text id="uDd-mw-Hei">2. When there are no balls left (there could be multiple!), call <cv>loseLevel()</cv>.</text>
              </block>
              <block type="text">
                  <text id="gI8-k4-uSR"><task/>Try writing the losing logic inside the <cv>hitFoulLine</cv> function</text>
              </block>
              <groupblock disclosed="false">
                    <block type="title">
                        <title id="zgi-Re-vMB">Need Help?</title>
                    </block>
                    <block type="code">
removeBall(sprite)
        
<key>if</key> balls.count == <num>0</num> {
    loseLevel()
}
                    </block>
                </groupblock>
              <block type="text">
                  <text id="rPq-Dg-CbV"><task/><b>Run your code</b> and play your game to make sure the lose function works as expected.</text>
              </block>
              <block type="text">
                  <text id="HFQ-mF-HvS"><a href="@nextStep">Next︎</a>, give the player a message when they lose.</text>
              </block>
          </blocks>
        </step>
   
        
         <step type="experiment">
            <blocks>
                <block type="title">
                    <title id="D4U-gd-8Zi">🧑‍🔬 ︎Customize Your Failure Condition</title>
                </block>
                 <block type = "image" source="Page4Step4" height="0.6">
                    <description id="h85-6w-GWI">A picture of the game being lost, and lots of clouds covering the scene.</description>
                </block>
                 <block type="text">
                    <text id="KwI-9M-2Gw"><task/>In <b>Level.swift</b>, edit <cv>loseLevel()</cv> to add sad animations when you lose.</text>
                </block>
                <groupblock disclosed="false">
                    <block type="title">
                        <title id="jt8-J9-SiW" >Change the Text</title>
                    </block>
                    <block type="text">
                        <text id="Hey-Wy-JOY">Change the emoji, font size, and font color by modifying <cv>failure</cv>.</text>
                    </block>
                    <block type="text">
                        <code><key>let</key> failure = Label(text: <str>"🥺😱😤"</str>, color: <literal>#colorLiteral(red: 0.0, green: 0.0, blue: 0.0, alpha: 1.0)</literal>, size: <num>180</num>)</code>
                    </block>
                </groupblock>
                 <groupblock disclosed="false">
                    <block type="title">
                        <title id="CFn-Mj-UPC">Text Animations</title>
                    </block>
                    <block type="code">
                      failure.bounce()
                    </block>
                    <block type="code">
                      failure.glow()
                    </block>
                     <block type="code">
                      failure.shake()
                    </block>
                </groupblock>
                  <groupblock disclosed="false">
                    <block type="title">
                        <title id="6fP-zt-J7y" >Scene Animations</title>
                    </block>
                    <block type="code">
                        scene.clouds(duration: <num>3</num>)
                    </block>
                    <block type="code">
                        scene.clouds(duration: <num>4</num>, color: <literal>#colorLiteral(red: 0.17647058823529413, green: 0.011764705882352941, blue: 0.5607843137254902, alpha: 1.0)</literal>)
                    </block>
                    <block type="code">
                        scene.rain(duration: <num>7</num>)
                    </block>
                   <block type="code">
                       scene.rain(duration: <num>7</num>, color: <literal>#colorLiteral(red: 0.5843137254901961, green: 0.8235294117647058, blue: 0.4196078431372549, alpha: 1.0)</literal>)
                   </block>
                </groupblock>
                 <groupblock disclosed="false">
                    <block type="title">
                        <title id="BuK-VM-b32" >Sound Effects</title>
                    </block>
                    <block type="code">
                        playSound(.somethingBad2)
                    </block>
                    <block type="text">
                         <text id="JOY-Wy-JOY">Try other sounds such as: <cv>warble</cv>, <cv>thud</cv>, or <cv>spring3</cv>.</text>
                    </block>
                </groupblock>
                 <block type="text">
                   <text id="YkA-hM-t6S"><a href="@nextStep">Next</a>, self-assess your effort so far.</text>
                </block>
            </blocks>
        </step>
         <step type="context">
            <blocks>
                <block type="title">
                    <title id="DUm-Lf-qRb">Challenge Yourself</title>
                </block>
                <block type="text">
                    <text id="Mqv-6H-arQ">The more creative you make the game, the more fun it will be to play, and the more challenged you will be as a programmer.</text>
                </block>
                <block type="response" subtype="single-choice" name="doingMyBest" confirm="true">
                    <prompt id="61X-sw-kU3">Choose the answer that best represents how you feel about your work.</prompt>
                    <option type="correct">
                        <text id="jI4-bL-zzZ">I did my best to make the brick collisions, win experience, and lose experience dynamic and creative.</text>
                        <feedback id="Zq8-QK-mrZ">Great! You’re ready to <a href="@next">move on︎</a> to advanced game logic and creating a multi-level game!</feedback>
                    </option>
                    <option>
                        <text id="FQi-X9-uW5">I still want to work on a few things.</text>
                        <feedback id="aQS-CP-cf9">Great! Go back to where you set the <a href="@page:Document1/02">brick properties</a>, the <a href="@page:Document1/03">win animations</a>, or the <a href="@step:4">lose animations</a>.</feedback>
                    </option>
             </block>
             <assessment></assessment>
               
            </blocks>
        </step>
    </steps>
</trail>
