<?xml version="1.0" encoding="UTF-8"?>
<trail name="0100">
    <steps>
        
        <step type="context">
            <blocks>
                <block type="title">
                    <title id="jFR-2S-9KA">Review</title>
                </block>
                <block type="text">
                    <text id="ziK-Pa-j4h">So far, you made a <cv>Level</cv> that contains all of your game elements: <b>balls</b>, <b>bricks</b>, <b>paddles</b>, and the <b>game rules</b>.</text>
                </block>
                <block type = "image" source="Page1Step2">
                    <description id="kJp-ni-Awm">Diagram showing a level that contains a ball, bricks, a paddle, and game rules.</description>
                </block>
                <block type="text">
                    <text id="Rcg-KZ-ykx">You then initialized a <cv>Level</cv> by giving it a layout, and ran the level by calling <cv>run</cv>.</text>
                </block>
                <block type="text">
                    <text id="NeA-Vw-G6K"><a href="@nextStep">Next︎</a>, you’ll add a completion handler so you can progress from one level to the next, giving you the ability to create a multilevel game.</text>
                </block>
            </blocks>
        </step>
        <step type="code">
            <blocks>
                <block type="title">
                    <title id="dNj-BW-29E">Add a Completion Handler</title>
                </block>
                <block type="text">
                    <text id="WFa-a9-53B">To transition between levels, you need to know when you complete the current level.</text>
                </block>
                <block type="text">
                    <text id="WFa-asdfkjsdeeeqqqaB">This is the job of a completion <a href="glossary://event%20handler">handler</a>, a bit of code that runs when you complete a level.</text>
                </block>
                <block type="text">
                    <text id="CAh-sq-ZhP"><task/>Add a completion handler at the top of <b>Level.swift</b>.</text>
                </block>
                <block type="text">
                    <text><code><cmt id="ooo-iF-ssZ">// Completion handler.</cmt></code></text>
                </block>
               <block type="code">
                   <key>public var</key> onCompletion: (() -> <type>Void</type>) = {}
               </block>
               <block type="text">
                   <text id="Tp4-fm-SR5"><task/>Call the <cv>onCompletion</cv> handler.</text>
               </block>
                <block type="response" subtype="single-choice" name="onCompletion" confirm="true">
                    <prompt id="qwd-kt-sHA">Predict when you should you call <cv>onCompletion</cv>.</prompt>
                    <option>
                        <text id="Vcp-9J-btr">When you lose a level.</text>
                        <feedback id="GLA-nK-GTn">No, you shouldn‘t progress to the next level if you‘ve lost a level.</feedback>
                    </option>
                    <option type = "correct">
                        <text id="5pF-UY-nhW">When you win a level.</text>
                        <feedback id="LrQ-pD-MLC">Yes! Winning a level progresses you to the next level.
                        
                        <task/>Call <code>onCompletion()</code> at the end of <cv>winLevel()</cv> so it runs when you win a level.</feedback>
                    </option>
                    <option>
                        <text id="uQj-eR-g9r">When you lose a life.</text>
                        <feedback id="qtV-1r-DRm">No, losing a life either resets the ball, or — if you’re out of lives — you lose the level.</feedback>
                    </option>
             </block>
             <assessment></assessment>
                <block type="text">
                    <text id="3YT-Qy-wGu">Did you remember to add your <cv>onCompletion</cv> handler? If you are saying “yes” in your head, <a href="@nextStep">move on</a> to use the <b>Game</b> type to create a multilevel game.</text>
                </block>
            </blocks>
        </step>
        <step type="context">
            <blocks>
                <block type="title">
                    <title id="WK4-KD-qfx">Creating a Multilevel Game</title>
                </block>
                 <block type="text">
                  <text id="Iug-jL-FQh">You can now link together multiple levels using the <b>Game</b> type.</text>
              </block>
              <block type="text">
                  <text id="asdfasdfasdeeewq-jL-FQh">Similar to how a <b>level</b> organizes your game elements, a <b>game</b> organizes a sequence of levels.</text>
              </block>
              <block type = "image" source="Page6Step3" height="0.75">
                  <description id="HS1-Sz-JUZ">Shows the organization of levels within a game.</description>
              </block>
              <block type="text">
                    <text id="Fgr-z9-NWe"><task/>Add this code to the bottom of your <b>main</b> <icon name="main"/> file.</text>
                </block>
                <block type="text">
                    <code><cmt id="Fgr-z9-jdfdjf">// Create a game.</cmt></code>
                </block>
               <block type="code">
                   <key>let</key> game = Game(levels: [level1, level2])
                    game.run()
               </block>
                <block type="text">
                    <text id="9tu-pi-sdfasdfastt5345234">Notice that you now call <cv>game.run()</cv> instead of <cv>level.run()</cv>.</text>
                </block>
                <block type="text">
                    <text id="9tu-pi-w2x"><task/><b>Run your code</b> and play your multilevel game!</text>
                </block>
          
                <block type="text">
                    <text id="nI5-bS-bWd"><a href="@nextStep">Next︎</a>, check your understanding of the Game type.</text>
                </block>
            </blocks>
        </step>
        
        <step type="check">
           <blocks>
               <block type="title">
                   <title id="wcm-iG-28j" >Check Yourself</title>
               </block>
               <block type="text">
                   <text id="sdflksdf2-i-A7jb22a" >What does the <b>Game</b> type do?</text>
               </block>
            <block type="response" subtype="single-choice" name="GameType" confirm="true">
                   <prompt id="4pB-pU-D5r">Look through <b>Game.swift</b> to discover more about what the <b>Game</b> type does, and then select the best description below.</prompt>
                   <option>
                       <text id="K1s-4E-nrc">The Game type creates an array of levels and runs those levels one after the next.</text>
                       <feedback id="Srk-te-YiR">True, but there’s more! Keep reading through the class to find out what else it can do.</feedback>
                   </option>
                   <option>
                       <text id="Rra-aY-vLn">The Game type creates lots of variables for game elements, such as ball and paddle, that are customizable when you run each level.</text>
                       <feedback id="RfP-GG-AKi">Are you sure you’re reading the right class?</feedback>
                   </option>
                   <option type="correct">
                       <text id="9SJ-IQ-8BW">The Game type runs multiple levels sequentially using the <cv>Levels</cv> array. It also has functions to present a label between levels, and to play the win animation if you complete all of the levels.</text>
                       <feedback id="V4I-ps-ExY">Correct! Reading code and making sense of what is there is a great skill. Good work!</feedback>
                   </option>
            </block>
            <assessment></assessment>
               <block type="text">
                   <text id="WJ7-3e-wKZ"><a href="@nextStep">Next</a>, customize each level.</text>
               </block>
           </blocks>
       </step>
               
        
           <step type="Experiment">
            <blocks>
                <block type="title">
                    <title id="Yse-Aa-7MC">🧑‍🔬 Customize Each Level</title>
                </block>
                 <block type="text">
                    <text id="Lrn-cC-Kmb"><task/>Edit the <b>main</b> <icon name="main"/> file to customize each level in your game.</text>
                </block>
                 <block type="text">
                     <text id="afd-w2-8eq"><b>Tip:</b> Write your code <i>above</i> <cv>game.run()</cv>.</text>
                 </block>
               <groupblock disclosed="false">
                   <block type="title">
                       <title id="zuj-Jk-qEy">Ball Image</title>
                   </block>
                   <block type="code">
                        level1.ballImage = <literal>#imageLiteral(resourceName: "bumper1@2x.png")</literal>
                   </block>
                   
               </groupblock>
               <groupblock disclosed="false">
                   <block type="title">
                       <title id="sIR-9t-T3m">Paddle Image</title>
                   </block>
                  
                   <block type="code">
                        level1.paddleImage = <literal>#imageLiteral(resourceName: "Paddle_2@2x.png")</literal>
                   </block>
               </groupblock>
               <groupblock disclosed="false">
                   <block type="title">
                       <title id="6Gc-7J-Wki">Paddle Width</title>
                   </block>
                   <block type="code">
                        level1.paddle.xScale = <num>2.5</num>
                   </block>
               </groupblock>
                <groupblock disclosed="false">
                   <block type="title">
                       <title id="VZ3-RS-MdT">Difficulty</title>
                   </block>
                   <block type="code">
                        level2.difficulty = <num>7</num>
                   </block>
               </groupblock>
               <groupblock disclosed="false">
                   <block type="title">
                       <title id="2h7-2T-YRW">Layout</title>
                   </block>
                   <block type="text">
                       <text id="4zB-4J-3kb"><task/>Edit the layouts in your <b>main</b> <icon name="main"/> file.</text>
                   </block>
                   <block type="code">
                        Layout.color(<literal>#colorLiteral(red: 0.807843137254902, green: 0.027450980392156862, blue: 0.3333333333333333, alpha: 1.0)</literal>)
                   </block>
                   <block type="code">
                        Layout.color(<literal>#colorLiteral(red: 0.5843137254901961, green: 0.8235294117647058, blue: 0.4196078431372549, alpha: 1.0)</literal>, rows: <num>2</num>, columns: <num>2</num>)
                   </block>
                    <block type="code">
                        let layout = [
    [<literal>#colorLiteral(red: 0.9098039215686274, green: 0.47843137254901963, blue: 0.6431372549019608, alpha: 1.0)</literal>, <literal>#colorLiteral(red: 0.9764705882352941, green: 0.8509803921568627, blue: 0.5490196078431373, alpha: 1.0)</literal>, <literal>#colorLiteral(red: 0.4745098039215686, green: 0.8392156862745098, blue: 0.9764705882352941, alpha: 1.0)</literal>, <literal>#colorLiteral(red: 0.9568627450980393, green: 0.6588235294117647, blue: 0.5450980392156862, alpha: 1.0)</literal>, <literal>#colorLiteral(red: 0.5568627450980392, green: 0.35294117647058826, blue: 0.9686274509803922, alpha: 1.0)</literal>],
    [<literal>#colorLiteral(red: 0.9098039215686274, green: 0.47843137254901963, blue: 0.6431372549019608, alpha: 1.0)</literal>, <literal>#colorLiteral(red: 1.0, green: 1.0, blue: 1.0, alpha: 0.0)</literal>, <literal>#colorLiteral(red: 0.9254901960784314, green: 0.23529411764705882, blue: 0.10196078431372549, alpha: 1.0)</literal>, <literal>#colorLiteral(red: 1.0, green: 1.0, blue: 1.0, alpha: 0.0)</literal>, <literal>#colorLiteral(red: 0.5568627450980392, green: 0.35294117647058826, blue: 0.9686274509803922, alpha: 1.0)</literal>],
    [<literal>#colorLiteral(red: 0.9098039215686274, green: 0.47843137254901963, blue: 0.6431372549019608, alpha: 1.0)</literal>, <literal>#colorLiteral(red: 1.0, green: 1.0, blue: 1.0, alpha: 0.0)</literal>, <literal>#colorLiteral(red: 0.9254901960784314, green: 0.23529411764705882, blue: 0.10196078431372549, alpha: 1.0)</literal>, <literal>#colorLiteral(red: 1.0, green: 1.0, blue: 1.0, alpha: 0.0)</literal>, <literal>#colorLiteral(red: 0.5568627450980392, green: 0.35294117647058826, blue: 0.9686274509803922, alpha: 1.0)</literal>],
    [<literal>#colorLiteral(red: 0.9098039215686274, green: 0.47843137254901963, blue: 0.6431372549019608, alpha: 1.0)</literal>, <literal>#colorLiteral(red: 0.9764705882352941, green: 0.8509803921568627, blue: 0.5490196078431373, alpha: 1.0)</literal>, <literal>#colorLiteral(red: 0.4745098039215686, green: 0.8392156862745098, blue: 0.9764705882352941, alpha: 1.0)</literal>, <literal>#colorLiteral(red: 0.9568627450980393, green: 0.6588235294117647, blue: 0.5450980392156862, alpha: 1.0)</literal>, <literal>#colorLiteral(red: 0.5568627450980392, green: 0.35294117647058826, blue: 0.9686274509803922, alpha: 1.0)</literal>]
]

<key>let</key> colorArrayLayout = Layout(colors: layout)
                   </block>
                   
                   <block type="code">
                        Layout.random(colors:  [<literal>#colorLiteral(red: 0.10196078431372549, green: 0.2784313725490196, blue: 0.4, alpha: 1.0)</literal>, <literal>#colorLiteral(red: 0.23921568627450981, green: 0.6745098039215687, blue: 0.9686274509803922, alpha: 1.0)</literal>, <literal>#colorLiteral(red: 0.36470588235294116, green: 0.06666666666666667, blue: 0.9686274509803922, alpha: 1.0)</literal>])
                   </block>
                   <block type="code">
                        Layout.random(colors: [<literal>#colorLiteral(red: 0.5568627450980392, green: 0.35294117647058826, blue: 0.9686274509803922, alpha: 1.0)</literal>, <literal>#colorLiteral(red: 0.9098039215686274, green: 0.47843137254901963, blue: 0.6431372549019608, alpha: 1.0)</literal>, <literal>#colorLiteral(red: 0.23921568627450981, green: 0.6745098039215687, blue: 0.9686274509803922, alpha: 1.0)</literal>, <literal>#colorLiteral(red: 0.9764705882352941, green: 0.8509803921568627, blue: 0.5490196078431373, alpha: 1.0)</literal>], rows: <num>4</num>, columns: <num>8</num>)
                   </block>
                   
                   
               </groupblock>
               <block type="text">
                    <text id="cxk-NX-1cN"><a href="@nextStep">Next︎</a>, add more levels.</text>
                </block>
            </blocks>
        </step>
        
        
        
        
         <step type="context">
            <blocks>
                <block type="title">
                    <title id="SxT-VP-g9a">Add More Levels</title>
                </block>
                 <block type="text">
                    <text id="WGf-MB-Vhn">The typical game of Brick Breaker has <b>34</b> levels! See how many you can make.</text>
                </block>
                <block type="text">
                    <text id="YkG-Qk-3fH"><task/>Add each new level to the game’s levels <a href="glossary://array">array</a>.</text>
                </block>
                <block type="text">
                    <text id="uYn-eZ-tRi">Example: <cv><key>let</key> game = Game(levels: [level1, level2, level3, level4])</cv></text>
                </block>
                <block type="text">
                    <text id="WJ7-3e-iiZ"><a href="@nextStep">Next</a>, customize what happens when you win the game.</text>
                </block>
            </blocks>
        </step>
        
        <step type="context">
                <blocks>
                    <block type="title">
                        <title id="Aim-Vm-WWN">🧑‍🔬 Customize Win Game</title>
                    </block>
                     <block type="text">
                        <text id="cQh-ex-fRn"><task/>Edit the <cv>winGame</cv> function in <b>Game.swift</b> to make something fun happen when you with the game!</text>
                    </block>
                  <groupblock disclosed="false">
                    <block type="title">
                        <title id="jjj-J9-SSW">Change the Text</title>
                    </block>
                    <block type="text">
                        <text id="t3d-qh-yolo">Change the text, font size, and font color by modifying <cv>endMessage</cv>.</text>
                    </block>
                    <block type="text">
                        <code><key>let</key> endMessage = Label(text: <str id="t3d-qh-Q1732">"🤩GADZOOKS🤩!"</str>, color: <literal>#colorLiteral(red: 1.0, green: 0.8, blue: 0.8, alpha: 1.0)</literal>, font: .MarkerFelt, size: <num>75</num>)</code>
                    </block>
                </groupblock>
                   <groupblock disclosed="false">
                      <block type="title">
                          <title id="mBR-Dw-AqX" >Text Animations</title>
                      </block>
                      <block type="code">
                        endMessage.spin(period: 3)
                      </block>
                      <block type="code">
                        endMessage.sparkle(duration: 10, color: <literal>#colorLiteral(red: 0.9764705882352941, green: 0.8509803921568627, blue: 0.5490196078431373, alpha: 1.0)</literal>)
                      </block>
                       <block type="code">
                        endMessage.pulsate()
                      </block>
                  </groupblock>
                  <groupblock disclosed="false">
                      <block type="title">
                          <title id="sZ2-Hw-JZ4" >Scene Animations</title>
                      </block>
                      <block type="code">
                          scene.confetti(duration: <num>10</num>)
                      </block>
                      <block type="code">
                          scene.bubbles(duration: <num>10</num>, color: <literal>#colorLiteral(red: 0.25882352941176473, green: 0.7568627450980392, blue: 0.9686274509803922, alpha: 1.0)</literal>)
                      </block>
                      <block type="code">
                          scene.orbs(duration: <num>10</num>)
                      </block>
                  </groupblock>
                  <groupblock disclosed="false">
                      <block type="title">
                          <title id="uNG-Ea-JjZ" >Sound Effects</title>
                      </block>
                      <block type="code">
                          playSound(.somethingGood7)
                      </block>
                      <block type="text">
                           <text id="rfr-Wy-STE" >Try other sounds such as: <cv>victory3</cv>, <cv>boing3</cv>, or <cv>boop1</cv>.</text>
                      </block>
                  </groupblock>
                  <block type="text">
                      <text id="asdfas-56342-wKZ"><a href="@nextStep">Continue ▶︎</a></text>
                  </block>

                </blocks>
            </step>
        <step type="context">
            <blocks>
                <block type="title">
                    <title id="SxT-VP-gssdf9a">Congratulations!</title>
                </block>
                 <block type="text">
                    <text id="WGf-MB-Vhaasse">You’ve built a fully functional game — what an accomplishment!</text>
                </block>
                <block type="text">
                    <text id="YkG-Qk-3fHtw4re">Take a moment to reflect on how you did this. Instead of coding everything at the same time, you built the game piece by piece using <a href="glossary://decomposition">decomposition</a>. To do this, you used <a href="glossary://type">types</a> to organize your code.</text>
                </block>
                <block type="text">
                    <text id="YkG-Qk-t45">You also wrote game logic to call functions when you win or lose, and you customized each of your game elements.</text>
                </block>
                <block type="text">
                    <text id="uYn-eZ-tRwqerqweri"><b>Tip:</b> Try using this approach the next time you want to code something complex!</text>
                </block>
                <block type="text">
                    <text id="WJ7-3e-iisdfvZ"><a href="@next">Next</a>, check out a sample game, or keep coding your own!</text>
                </block>
            </blocks>
        </step>
    </steps>
</trail>
