<?xml version="1.0" encoding="UTF-8"?>
<trail name="0100">
    <steps>
        
        <step type="context">
            <blocks>
                <block type="title">
                    <title id="tWV-d7-GJW" >Welcome to Brick Breaker!</title>
                </block>
                <block type="text">
                    <text id="xxr-nC-jsg" >In this playground, you’ll build Brick Breaker.</text>
                </block>
                <block type = "image" source="Page1Step1" height="0.75">
                    <description id="V1e-WF-H8z" >The logo for the Brick Breaker project.</description>
                </block>
                <block type="text">
                    <text id="7Zh-2i-rBv" >Brick Breaker is a game where you use a paddle to hit balls and break bricks.</text>
                </block>
                <block type="text">
                    <text id="3Cx-yX-41c" >Your game can be as fun as <i>you</i> make it. Ready to start?</text>
                </block>
                <groupblock disclosed="false">
                   <block type="title">
                       <title id="JvM-m6-gIT" >Tip</title>
                   </block>
                   <block type="text">
                       <text id="7mx-iM-uXg">As you build your game, make sure you complete each step.

                        If you skip ahead, you might end up missing some parts!</text>
                   </block>
               </groupblock>
                <block type="text">
                   <text id="mQJ-8K-myi" ><a href="@nextStep">Start Building ▶</a></text>
               </block>
            </blocks>
        </step>
        
       <step type="context">
           <blocks>
               <block type="title">
                   <title id="pht-Ub-FEr" >The Level Type</title>
               </block>
               <block type="text">
                    <text id="IBd-sX-i5j">To make your game, you’ll use a <a href="glossary://type">type</a> called <cv>Level</cv> to combine all of your game elements: <b>balls</b>, <b>bricks</b>, <b>paddles</b>, and <b>game rules</b>.</text>
                </block>
                <groupblock disclosed="false">
                   <block type="title">
                       <title id="JvM-m6-TIT" >What is a Type?</title>
                   </block>
                   <block type="text">
                       <text id="7mx-iM-gXg" >In Swift coding, you’ll use a building block called a <a href="glossary://type">type</a> to create more complex programs. Types include classes, structures, enumerations, and protocols.
                           
                           Inside of each type in this Playground, you’ll find setup code, called an <a href="glossary://initializer">initializer</a>. Types can also have their own special <a href="glossary://property">properties</a> (data) and <a href="glossary://method">methods</a> (abilities).
                           
                           Using a type, you can write the setup code for an <a href="glossary://instance">instance</a> once, and use it over and over again. You can also customize each instance in your <a href="glossary://main">main</a> <icon name="main"/> file by setting its properties at runtime.</text>
                   </block>
               </groupblock>
                <block type = "image" source="Page1Step2">
                    <description id="bmN-3w-xVy">Diagram showing a level that contains a ball, bricks, a paddle, and game rules.</description>
                </block>
           
               <block type="text">
                   <text id="khS-C3-YhB" ><task/>Look through the <cv>Level</cv> class. Read the <a href="glossary://code%20comment">comments</a> and try to predict what each function might do.</text>
               </block>
               <groupblock disclosed="false">
                 <block type="title">
                     <title id="IfL-xT-rvY">🤓 Learn How You’ll Build the Game</title>
                 </block>
                 <block type="text">
                     <text id="42C-eL-E84">Building a game is a big task. To be successful at any large project, you should break it up into smaller pieces, a process called <a href="glossary://decomposition">decomposition</a>.</text>
                 </block>
                 <block type="text">
                     <text id="pth-8F-m5h">For example, when you decompose the game elements into different <a href="glossary://type">types</a>, it’s easier to combine them into a fully functional game.</text>
                 </block>
             </groupblock>
             <block type="text">
                 <text id="jxn-VV-4sP"><a href="@nextStep">Next</a>, add your first game element: a paddle!</text>
             </block>
           </blocks>
       </step>
       <step type="code">
           <blocks>
               <block type="title">
                   <title id="pgf-fX-tL1">Add a Paddle</title>
               </block>
               <block type = "image" source="1-3_AddAPaddle">
                   <description id="iRH-qe-FGW">A rectangular wooden paddle.</description>
               </block>
               <block type="text">
                   <text id="6WN-xz-yJq"><task/>Inside <b>Level.swift</b> you’ll find a <cv>run</cv> function. <a href="glossary://call">Call</a> <cv>addPaddle</cv> to add an instance of the <cv>Paddle</cv> type to the scene.</text>
               </block>
               <block type="text">
                   <text id="t8s-HZ-pai">Write, drag and drop, or copy and paste your code below this <a href="glossary://code%20comment">comment</a>:
                    <cmt id="LJc-VI-mj7" >// Adds a paddle.</cmt></text>
               </block>
               <block type="code">
                   addPaddle()
               </block>
               <block type="text">
                   <text id="ang-ID-je9"><task/><b>Run your code</b>. Touch and drag to move your paddle left and right.</text>
               </block>
               <groupblock disclosed="false">
                 <block type="title">
                     <title id="1yW-T8-Nb2">🤓 Learn More About the Paddle Type</title>
                 </block>
                 <block type="text">
                     <text id="P2b-Au-AQh">You control the paddle by moving it horizontally with your touch.</text>
                 </block>
                 <block type="text">
                     <text id="UgF-ft-aPT">Try reading through the code in <b>Paddle.swift</b>, in the <a href="glossary://MyFiles">MyFiles</a> module, to see what else you can learn about the paddle type.</text>
                 </block>
             </groupblock>
               <block type="text">
                 <text id="Pa6-Hm-hck" ><a href="@nextStep">Next</a>, add a ball to the scene.</text>
             </block>
           </blocks>
       </step>
       
       <step type="code">
           <blocks>
               <block type="title">
                   <title id="EcL-H7-SiD" >Add a Ball</title>
               </block>
               <block type="text">
                   <text id="nGj-iw-UwS">Now add an instance of the <cv>Ball</cv> <a href="glossary://type">type</a> to bounce off the paddle.</text>
               </block>
               <block type = "image" source="1-4_AddABall">
                   <description id="Upk-T6-Xex" >A mutli-colored beach ball.</description>
               </block>
               <block type="text">
                   <text id="sju-bG-Rjm" ><task/>Create a <a href="glossary://constant">constant</a> named <cv>ball</cv> using the <cv>addBall</cv> <a href="glossary://function">function</a>. Then set the <a href="glossary://velocity">velocity</a> of the ball to make it move around.</text>
               </block>
               <block type="text">
                   <text id="I2s-TW-9aX" >Add your code below this comment:
                       <cmt id="5cK-Uc-4W2" >// Adds a ball and gives it a velocity.</cmt></text>
               </block>
               <block type="code">
                   <key>let</key> ball = addBall()
                   ball.setVelocity(x: <num>500</num>, y: <num>500</num>)
               </block>
               <block type="text">
                   <text id="WGh-Ts-t4X" ><task/><b>Run your code</b> and play with your ball and paddle.</text>
               </block>
               <block type="text">
                   <text id="cXE-8y-B29" ><task/>Try changing the ball <a href="glossary://velocity">velocity</a> by modifying the X and Y values. Use low and high values, like <cv><num>50</num></cv> and <cv><num>1000</num></cv>.</text>
               </block>
               <groupblock disclosed="false">
                 <block type="title">
                     <title id="jp6-pc-WMa" >🤓 Learn More About the Ball Type</title>
                 </block>
                 <block type="text">
                     <text id="HzV-wm-s2R" >The <cv>Ball</cv> is set up to move freely and bounce around the screen when hit by a paddle or off a wall. You can set the ball‘s velocity to make it move faster or slower.</text>
                 </block>
                 <block type="text">
                     <text id="51N-b6-LX9" >Try reading through the code in <b>Ball.swift</b>, in the <a href="glossary://MyFiles">MyFiles</a> module, to see what else you can learn about the ball type.</text>
                 </block>
             </groupblock>
              <block type="text">
                        <text id="6Iz-P3-H8i" ><a href="@nextStep">Next</a>, customize your ball and paddle.</text>
                    </block>
                     
           
           </blocks>
       </step>
       <step type="experiment">
            <blocks>
                <block type="title">
                    <title id="Fea-xj-GcA">🧑‍🔬 Customize the Ball and Paddle</title>
                </block>
                <block type="text">
                   <text id="7t4-yD-ude">Now that you have a basic ball and paddle, you can customize them!</text>
               </block>
                <groupblock disclosed="false">
                   <block type="title">
                       <title id="gCk-5p-Zaw">Change the Ball and Paddle Images</title>
                   </block>
                   <block type="text">
                    <text id="HCW-6A-iBf"><task/>Change the images for the ball and paddle by editing the image <a href="glossary://literal">literals</a> at the top of <b>Level.swift</b>.</text>
                </block>
                   <block type="text">
                       <text id="VI5-j2-wFD">Look for the code at the top of the file that looks like this: </text>
                   </block>
                  <block type="text">
                    <code><key>public var</key> ballImage: <type>Image</type> = <literal>#imageLiteral(resourceName: "gem4@2x")</literal>
                    <key>public var</key> paddleImage: <type>Image</type> = <literal>#imageLiteral(resourceName: "gem4@2x")</literal></code>
                </block>
                  <block type="text">
                      <text id="EGL-6K-bZA" >Use the image literals at the end of the line to select a new image.</text>
                  </block>
               </groupblock>
               <groupblock disclosed="false">
                    <block type="title">
                       <title id="App-Ax-kNT">Add Ball Animations</title>
                   </block>
                   <block type="text">
                    <text id="jMI-ee-j42"><task/>Try adding this code to your <cv>run</cv> function in <b>Level.swift</b>. Make sure you place it under where you define <cv>ball</cv>.</text>
                </block>
                    <block type="code">
                        ball.spark(duration: <num>50</num>, color: <literal>#colorLiteral(red: 0.807843137254902, green: 0.027450980392156862, blue: 0.3333333333333333, alpha: 1.0)</literal>)
                    </block>
                    <block type="code">
                       ball.tracer(duration: <num>-1</num>, color: <literal>#colorLiteral(red: 0.9686274509803922, green: 0.7803921568627451, blue: 0.34509803921568627, alpha: 1.0)</literal>)
                   </block>
                    <block type="text">
                        <text id="llL-6K-bZA" ><b>Tip:</b> Use <num>-1</num> in the <cv>duration</cv> <a href="glossary://parameter">parameter</a> to have the spark or tracer run indefinitely.</text>
                    </block>
                </groupblock>
                <groupblock disclosed="false">
                    <block type="title">
                       <title id="W52-Uv-81p">Customize the Ball</title>
                   </block>
                   <block type="text">
                    <text id="Yy3-ua-tHT"><task/>Change <cv>allowsRotation</cv> or <cv>friction</cv> of the ball type.</text>
                </block>
                    <block type="text">
                        <text id="vyE-Sm-gKz">Open <b>Ball.swift</b> and look in the <a href="glossary://initializer">initializer</a> for where you set these values. Run your code after modifying each value.</text>
                    </block>
                </groupblock>
                <groupblock disclosed="false">
                    <block type="title">
                       <title id="AXd-Ax-kNT">Customize the Paddle</title>
                   </block>
                   <block type="text">
                    <text id="jMI-v5-j42"><task/>Change the <cv>xScale</cv> of the paddle type to make your paddle wider or narrower.</text>
                </block>
                    <block type="text">
                        <text id="i2e-QA-JaL">Open <b>Paddle.swift</b> and look in the <a href="glossary://initializer">initializer</a> for where the <cv>xScale</cv> is set. Modify the value and run your code.</text>
                    </block>
                </groupblock>
                <groupblock disclosed="false">
                   <block type="title">
                       <title id="MAy-8J-yTh">Start the Ball with a Countdown</title>
                   </block>
                   <block type="text">
                       <text id="c2x-wg-ArH">Instead of setting its velocity, you can launch the ball using the <cv>startBall</cv> function. This gives a short, three-second, countdown before the ball starts moving.</text>
                   </block>
                   <block type="text">
                       <text id="1kh-5A-c7c"><task/><a href="glossary://comment%20out">Comment out</a> the code that sets the ball’s velocity and use the <cv>startBall</cv> function to set the ball in motion.</text>
               </block>
               <groupblock disclosed="false">
                    <block type="title">
                        <title id="zqc-Nu-n2r">Need Help?</title>
                    </block>
                    <block type="text">
                    <text id="dWf-Nq-C1q" >Edit the code inside the <cv>run</cv> function. Your code should look like this:</text>
                </block>
                    <block type="text"><code><cmt id="HD4-iF-sss">// Adds a ball and gives it a velocity.</cmt>
                    <key>let</key> ball = addBall()
                    <cmt id="16H-zz-2Px">// ball.setVelocity(x: 500, y: 500)</cmt>
                    startBall(ball)</code>
                    </block>
                </groupblock>
                   <block type="text">
                       <text id="VJn-7w-5VS">To learn more about the <cv>startBall</cv> function, head over to <b>LevelExtras.swift</b>. There you can change the sound the ball makes when it starts moving, as well as the ball’s velocity.</text>
                   </block>
               </groupblock>
                <block type="text">
                   <text id="2J6-iw-Bs3"><a href="@nextStep">Next</a>, check your understanding of what you’re building.</text>
                </block>
            </blocks>
       </step>
        <step type="check">
            <blocks>
                <block type="title">
                    <title id="3D4-ri-A7b" >Check Yourself</title>
                </block>
                <block type="text">
                    <text id="3D4-ri-A7b232a" >Why are you building in a class called Level?</text>
                </block>
                <block type="response" subtype="single-choice" name="level" confirm="true">
                    <option>
                        <text id="hiC-Eb-TBk" >To make sure a picture is straight, you have to check it with a level.</text>
                        <feedback id="jx9-zF-fLS" >You’re not decorating, you’re building code, silly 🤪.</feedback>
                    </option>
                    <option type="correct">
                        <text id="Mr4-xD-awD" >The <cv>Level</cv> class represents a level in a multilevel game of Brick Breaker.</text>
                        <feedback id="8Vg-sK-2IC" >Correct! The <cv>Level</cv> class contains all the basic elements of a level in the game. You can make as many levels as you like, creating a complete game.</feedback>
                    </option>
                    <option>
                        <text id="6XZ-M3-kBM" >A level is how you play brick breaker.</text>
                        <feedback id="MZv-fL-F45" >While you will be adding lots of game elements, the <cv>Level</cv> class represents one of the levels in the game of brick breaker.</feedback>
                 </option>
             </block>
             <assessment></assessment>
             <block type="text">
                 <text id="82e-9v-wQX" ><a href="@next">Next</a>, add some blocks to your game.</text>
             </block>
         </blocks>
        </step>
    </steps>
</trail>
