<?xml version="1.0" encoding="UTF-8"?>
<trail name="0100">
    <steps>
        
        <step type="context">
            <blocks>
                <block type="title">
                    <title id="sx1-t6-3qB">How Do You Win?</title>
                </block>
                <block type="text">
                     <text id="KLU-jw-JJt">Before you write any code, think about the game logic. How do you know when you win the game?</text>
                 </block>
                <block type = "image" source="Page3Step1" height="0.6">
                    <description id="p7v-mX-ufd">A picture of someone winning with bubbles and a party emoji.</description>
                </block>
                <block type="response" subtype="single-choice" name="winning" confirm="true">
                    <prompt id="5u6-XZ-WHR" >Select the winning scenario.</prompt>
                    <option>
                        <text id="2zp-tn-BCp" >When all of the balls disappear.</text>
                        <feedback id="LM7-p9-85y" >No, that’s when you lose.</feedback>
                    </option>
                    <option>
                        <text id="1Lv-gp-Vhj" >When all of the paddles disappear.</text>
                        <feedback id="ymv-sG-qG6" >Don’t be silly! The paddles don’t go anywhere.</feedback>
                    </option>
                    <option type="correct">
                        <text id="2s8-iN-h9b" >When all of the bricks disappear.</text>
                        <feedback id="kkG-KF-Ij7" >Correct! Now make something fun happen when you win the game. 🎉</feedback>
                    </option>
             </block>
             <assessment></assessment>
                <block type="text">
                    <text id="Jee-sI-Dqt" ><a href="@nextStep">Get Started ▶︎</a></text>
                </block>
            </blocks>
        </step>
        
        <step type="code">
          <blocks>
              <block type="title">
                  <title id="2cL-Q9-r7S" >Writing Your Winning Logic</title>
              </block>
              <block type="text">
                  <text id="KLU-jw-xGt">To create the logic for winning the game, you have to do three things every time a brick breaks:</text>
              </block>
              <block type="text">
                  <text id="Qai-rt-FdC" >1. Subtract <cv><num>1</num></cv> from <cv>brickCount</cv>.</text>
              </block>
              <block type="text">
                  <text id="w36-MP-HLg" >2. Check if <cv>brickCount</cv> equals <cv><num>0</num></cv>.</text>
              </block>
              <block type="text">
                  <text id="Z7q-v4-HIG" >3. If no bricks are left, call <cv>winLevel()</cv>.</text>
              </block>
              <block type="text">
                  <text id="mhd-pn-vW3" ><task/>Write your game logic inside the <cv>checkForLevelCompletion()</cv> function in <b>Level.swift</b>.</text>
              </block>
              <groupblock disclosed="false">
                    <block type="title">
                        <title id="eru-99-SWs" >Need Help?</title>
                    </block>
                    <block type="title">
                        <title id="nrU-6D-85k" >Need Help?</title>
                    </block>
                   <block type="code">

brickCount -= <num>1</num>
<key>if</key> brickCount == <num>0</num> {
   winLevel()
}
          </block>
                </groupblock>
              
              
              <block type="text">
                  <text id="Unt-D1-Pbr" ><task/><b>Run your code</b> to make sure your win function works as expected.</text>
              </block>
              <block type="text">
                  <text id="Asj-kj-mDD" ><a href="@nextStep">Next︎</a>, edit the reward to make it your own.</text>
              </block>
          </blocks>
        </step>
        
        
        <step type="experiment">
            <blocks>
                <block type="title">
                    <title id="Uqe-vY-Fnh" >🧑‍🔬 Customize the Reward</title>
                </block>
                <block type="text">
                    <text id="dxa-2U-KRx" ><task/>In <b>Level.swift</b>, edit the <cv>winLevel</cv> function to make your win condition more fun.</text>
                </block>
                <groupblock disclosed="false">
                    <block type="title">
                        <title id="jjj-J9-111" >Change the Text</title>
                    </block>
                    <block type="text">
                        <text id="JOs-Cu-MAr">Change the emoji, font size, and font color by modifying <cv>reward</cv>.</text>
                    </block>
                    <block type="text">
                        <code><key>let</key> reward = Label(text: <str>"🏵😍🏵"</str>, color: <literal>#colorLiteral(red: 0.5, green: 0.5, blue: 1.0, alpha: 1.0)</literal>, size: <num>150</num>, name: <str>"reward"</str>)</code>
                    </block>
                </groupblock>
                <groupblock disclosed="false">
                    <block type="title">
                        <title id="jt8-J9-222" >Text Animations</title>
                    </block>
                    <block type="code">
                      reward.bounce()
                    </block>
                    <block type="code">
                      reward.glow()
                    </block>
                     <block type="code">
                      reward.shake()
                    </block>
                </groupblock>
                <groupblock disclosed="false">
                    <block type="title">
                        <title id="qBc-xQ-yfZ" >Scene Animations</title>
                    </block>
                    <block type="code">
                        scene.confetti(duration: <num>3</num>)
                    </block>
                    <block type="code">
                        scene.bubbles(duration: <num>7</num>, color: <literal>#colorLiteral(red: 0.25882352941176473, green: 0.7568627450980392, blue: 0.9686274509803922, alpha: 1.0)</literal>)
                    </block>
                    <block type="code">
                        scene.orbs(duration: <num>5</num>)
                    </block>
                </groupblock>
                <groupblock disclosed="false">
                    <block type="title">
                        <title id="k7j-DY-mwq" >Sound Effects</title>
                    </block>
                    <block type="code">
                        playSound(.powerUp3)
                    </block>
                    <block type="text">
                        <text id="rfr-Wy-JOY" >Try other sounds such as: <cv>victory1</cv>, <cv>somethingGood7</cv>, or <cv>clang</cv>.</text>
                   </block>
                </groupblock>
                 <groupblock disclosed="false">
                    <block type="title">
                        <title id="gee-mX-ftx" ><task/>Clean Up</title>
                    </block>
                    <block type="text">
                        <text id="rfr-Wy-x6k" >Remove the reward after you’re done celebrating.</text>
                    </block>
                    <block type="code">
                        removeReward()
                    </block>
                    <block type="text">
                        <text id="Y4M-zD-Irn" ><b>Tip:</b> To edit the length of time before removing the reward, edit the <cv>removeReward</cv> function in <b>LevelExtras.swift</b>.</text>
                    </block>
                </groupblock>
                <block type="text">
                   <text id="bTj-2H-3gu" ><a href="@next">Next</a>, make it so you can lose the game.</text>
                </block>
            </blocks>
        </step>
    </steps>
</trail>
