<?xml version="1.0" encoding="UTF-8"?>
<trail name="0100">
    <steps>
        
        <step type="code">
            <blocks>
                <block type="title">
                    <title id="t8z-q1-3Vg" >Adding Lives</title>
                </block>
                <block type="text">
                    <text id="imY-Xw-KKg" >You now have a fully working game, but you only get <i>one</i> attempt to beat the level 😤.</text>
                </block>
                <block type = "image" source="Page5Step1">
                    <description id="umh-Ee-DFf">The logo for the Brick Breaker project.</description>
                </block>
                <block type="text">
                    <text id="Sui-Sn-NSf">You can change this by adding a <a href="glossary://variable">variable</a>, called <cv>lives</cv>.</text>
                </block>
                <block type="text">
                    <text id="U33-ja-srP"><task/>Add a <cv>lives</cv> variable to the top of <b>Level.swift</b>.</text>
                </block>
                <block type="text">
                    <text><code><cmt id="HD4-iF-ssZ">// Add lives.</cmt></code></text>
                </block>
                <block type="code">
                   <key>var</key> lives = <num>3</num>
               </block>
               <block type="text">
                    <text id="Grq-1d-aH4" ><a href="@nextStep">Next</a>, edit the game logic to include lives.</text>
                </block>
            </blocks>
        </step>
        
        <step type="context">
            <blocks>
                <block type="title">
                    <title id="Civ-MS-2WG" >New Losing Logic</title>
                </block>
                <block type="text">
                    <text id="1UT-EX-hXd" >The logic for losing the game is currently found in the <cv>hitFoulLine</cv> function.</text>
                </block>
                <block type="text">
                    <code><key>func</key> hitFoulLine(sprite: <type>Sprite</type>) {
    removeBall(sprite)
    
    <key>if</key> balls.count == <num>0</num> {
        loseLevel()
    }
}</code>
                </block>
                <block type="text">
                    <text id="Hqy-dn-g2p" ><task/>Edit the logic in <cv>hitFoulLine</cv> so that each time the ball hits the foul line, you lose a life. When you lose all your lives, you lose the level!</text>
                </block>
                <block type="text">
                    <text id="tea-5n-qWL" >To do this, you’ll need to do the following:</text>
                </block>
                <block type="text">
                    <text id="r35-tb-KYY" >1. If <cv>balls.count</cv> equals <cv><num>0</num></cv>, subtract a life.</text>
                </block>
                <block type="text">
                    <text id="Awh-aF-yRd" >2. If <cv>lives</cv> equals <cv><num>0</num></cv>, lose the level.</text>
                </block>
                <block type="text">
                    <text id="pId-FY-GAD" >3. If there are no balls left, but there are still lives left, start a new ball.</text>
                </block>
                <groupblock disclosed="false">
                    <block type="title">
                        <title id="imm-9j-5Jw">Need Help?</title>
                    </block>
                    <block type="text">
                    <text id="PYJ-7y-Fcc" >Your code inside the <cv>hitFoulLine</cv> function should look like this:</text>
                </block>
                    <block type="text"><code>removeBall(sprite)

 <key>if</key> balls.count == <num>0</num> {
    lives -= <num>1</num>

     <key>if</key> lives == <num>0</num> {
         loseLevel()
     } <key>else</key> {
        <key>let</key> ball = addBall()
        startBall(ball)
     }
 }</code>
                    </block>
                </groupblock>
                <block type="text">
                    <text id="i6k-Qi-kDP" ><task/><b>Run your code</b> and test out your multiple lives!</text>
                </block>
               <block type="text">
                   <text id="Wub-JV-F3N" ><a href="@nextStep">Next</a>, check your understanding of the advanced game logic.</text>
               </block>
            </blocks>
        </step>
                     
         <step type="check">
            <blocks>
                <block type="title">
                    <title id="Y7m-IL-TWM" >Check Yourself</title>
                </block>
                <block type="text">
                    <text id="rs32a30-i-A7jb22a">What would happen in the following scenario?</text>
                </block>
                <block type = "image" source="Page5Step3" height="0.75">
                    <description id="fuB-s7-nT2">A picture of a ball hitting a brick and there are more bricks left on the scene.</description>
                </block>
                <block type="response" subtype="single-choice" name="logic3" confirm="true">
                    <prompt id="fPg-4I-5Ek">If a ball hits the foul line and there are no balls or lives left?</prompt>
                    <option type="correct">
                        <text id="q5Z-eS-3q5">You lose the game</text>
                        <feedback id="Zq8-QK-jjZ">Correct!</feedback>
                    </option>
                     <option>
                        <text id="UVr-8x-NWV">The game keeps going.</text>
                        <feedback id="Zq8-pp-jjZ">How do you play without any balls?</feedback>
                    </option>
                    <option>
                        <text id="RMW-Ny-q6y">The ball restarts.</text>
                        <feedback id="Z44-QK-jjZ">0 balls + 0 lives = ??</feedback>
                    </option>
                   
             </block>
          
             <assessment></assessment>
                <block type="text">
                    <text id="ZJj-bR-A4Q"><a href="@nextStep">Next Question ▶︎</a></text>
                </block>
            </blocks>
        </step>
         
         <step type="check">
                   <blocks>
                       <block type="title">
                           <title id="3JH-7p-zim" >Check Yourself</title>
                       </block>
                       <block type="text">
                           <text id="rs32a30-hsdfk-jb22a" >What would happen in the following scenario?</text>
                       </block>
                       <block type = "image" source="Page5Step4" height="0.75">
                           <description id="fUK-s7-nT2">A picture of a ball hitting the foul line and there are still two balls left on the scene.</description>
                       </block>
                     <block type="response" subtype="single-choice" name="logic4" confirm="true">
                           <prompt id="y1L-2b-K12">If a ball hits the foul line and there are no lives left but two more balls on the scene?</prompt>
                            <option>
                               <text id="NLi-2y-fGZ">You lose the game.</text>
                               <feedback id="Zq8-QK-iiZ">No silly, there are still more balls!</feedback>
                           </option>
                           <option type="correct">
                               <text id="FFV-NZ-DQB">The game keeps going.</text>
                               <feedback id="Zq8-QK-ppZ">Correct!</feedback>
                           </option>
                           <option>
                               <text id="Wha-pn-qSF">The ball restarts.</text>
                               <feedback id="Zq8-QK-llZ">This would only happen if you don’t have any more balls but you do have lives.</feedback>
                           </option>
                    </block>
             
                    <assessment></assessment>
                       <block type="text">
                           <text id="4Ty-V7-6Fj"><a href="@next">Next</a> create a game with multiple levels.</text>
                       </block>
                   </blocks>
               </step>
        
    </steps>
</trail>
